<?xml version="1.0" encoding="UTF-8"?>
<Partys>
    <Party>
        <partyId>CA-20302</partyId>
        <partyTypeId>REGULAR</partyTypeId>
        <partyName>Acme Corporation</partyName>
        <partyContacts>
            <partyContact>
                <partyContactId>1001</partyContactId>
                <fname>John</fname>
                <lname>Doe</lname>
                <email>jdoe@acme.com</email>
            </partyContact>
            <partyContact>
                <partyContactId>1002</partyContactId>
                <fname>Bugs</fname>
                <lname>Bunny</lname>
                <email>bbunny@acme.com</email>
            </partyContact>
        </partyContacts>
    </Party>
    <Party>
        <partyId>CO-1002</partyId>
        <partyTypeId>GOLD</partyTypeId>
        <partyName>Barnone Inc.</partyName>
        <partyContacts>
            <partyContact>
                <partyContactId>1003</partyContactId>
                <fname>Rip</fname>
                <lname>MeHoff</lname>
                <email>rmehoff@acme.com</email>
            </partyContact>
            <partyContact>
                <partyContactId>1004</partyContactId>
                <fname>Greedy</fname>
                <lname>Gahazia</lname>
                <email>ggahazia@barnone.com</email>
            </partyContact>
        </partyContacts>
    </Party>
    <Party>
        <partyId>WI-23923</partyId>
        <partyTypeId>SILVER</partyTypeId>
        <partyName>Green Bay Packing Corp.</partyName>
        <partyContacts>
            <partyContact>
                <partyContactId>1005</partyContactId>
                <fname>Curly</fname>
                <lname>Lambeau</lname>
                <email>clambue@gbpacking.com</email>
            </partyContact>
            <partyContact>
                <partyContactId>1005</partyContactId>
                <fname>Lynn</fname>
                <lname>Dickey</lname>
                <email>ldickey@acme.com</email>
            </partyContact>
        </partyContacts>
    </Party>
    <Party>
        <partyId>WA-23923</partyId>
        <partyTypeId>GOLD</partyTypeId>
        <partyName>Umbrela Corporation</partyName>
        <partyContacts>
            <partyContact>
                <partyContactId>1006</partyContactId>
                <fname>Jane</fname>
                <lname>Doe</lname>
                <email>jdoe@umbrela.com</email>
            </partyContact>
            <partyContact>
                <partyContactId>1007</partyContactId>
                <fname>John</fname>
                <lname>Smith</lname>
                <email>jsmith@umbrela.com</email>
            </partyContact>
        </partyContacts>
    </Party>
    <Party>
        <partyId>MI-23923</partyId>
        <partyTypeId>REGULAR</partyTypeId>
        <partyName>Kresnic Inc</partyName>
        <partyContacts>
            <partyContact>
                <partyContactId>1008</partyContactId>
                <fname>Jim</fname>
                <lname>Phelps</lname>
                <email>jphelps@imf.com</email>
            </partyContact>
            <partyContact>
                <partyContactId>1009</partyContactId>
                <fname>Cinnamon</fname>
                <lname>Carter</lname>
                <email>carter@imf.com</email>
            </partyContact>
        </partyContacts>
    </Party>
</Partys>
