<ProductPrices>
    <ProductPrice productId="GZ-1000" productPricePurposeId="PURCHASE"
        productPriceTypeId="DEFAULT_PRICE" currencyUomId="USD" productStoreGroupId="_NA_"
        fromDate="2001-05-13 12:00:00.0" price="15.99" createdDate="2001-05-13 12:00:00.0"
        createdByUserLogin="admin" lastModifiedDate="2001-05-13 12:00:00.0"
        lastModifiedByUserLogin="admin"/>
    <ProductPrice productId="GZ-1000" productPricePurposeId="PURCHASE"
        productPriceTypeId="LIST_PRICE" currencyUomId="USD" productStoreGroupId="_NA_"
        fromDate="2001-05-13 12:00:00.0" price="15.0" createdDate="2001-05-13 12:00:00.0"
        createdByUserLogin="admin" lastModifiedDate="2001-05-13 12:00:00.0"
        lastModifiedByUserLogin="admin"/>
    <ProductPrice productId="GZ-1001" productPricePurposeId="PURCHASE"
        productPriceTypeId="DEFAULT_PRICE" currencyUomId="USD" productStoreGroupId="_NA_"
        fromDate="2001-05-13 12:00:00.0" price="25.99" createdDate="2001-05-13 12:00:00.0"
        createdByUserLogin="admin" lastModifiedDate="2001-05-13 12:00:00.0"
        lastModifiedByUserLogin="admin"/>
    <ProductPrice productId="GZ-1001" productPricePurposeId="PURCHASE"
        productPriceTypeId="LIST_PRICE" currencyUomId="USD" productStoreGroupId="_NA_"
        fromDate="2001-05-13 12:00:00.0" price="25.99" createdDate="2001-05-13 12:00:00.0"
        createdByUserLogin="admin" lastModifiedDate="2001-05-13 12:00:00.0"
        lastModifiedByUserLogin="admin"/>
    <ProductPrice productId="GZ-1004" productPricePurposeId="PURCHASE"
        productPriceTypeId="AVERAGE_COST" currencyUomId="USD" productStoreGroupId="_NA_"
        fromDate="2001-05-13 12:00:00.0" price="29.99" createdDate="2001-05-13 12:00:00.0"
        createdByUserLogin="admin" lastModifiedDate="2001-05-13 12:00:00.0"
        lastModifiedByUserLogin="admin"/>
    <ProductPrice productId="GZ-1004" productPricePurposeId="PURCHASE"
        productPriceTypeId="DEFAULT_PRICE" currencyUomId="USD" productStoreGroupId="_NA_"
        fromDate="2001-05-13 12:00:00.0" price="25.99" createdDate="2001-05-13 12:00:00.0"
        createdByUserLogin="admin" lastModifiedDate="2001-05-13 12:00:00.0"
        lastModifiedByUserLogin="admin"/>
    <ProductPrice productId="GZ-1005" productPricePurposeId="PURCHASE"
        productPriceTypeId="DEFAULT_PRICE" currencyUomId="USD" productStoreGroupId="_NA_"
        fromDate="2001-05-13 12:00:00.0" price="2799.99" createdDate="2001-05-13 12:00:00.0"
        createdByUserLogin="admin" lastModifiedDate="2001-05-13 12:00:00.0"
        lastModifiedByUserLogin="admin"/>
    <ProductPrice productId="GZ-1005" productPricePurposeId="PURCHASE"
        productPriceTypeId="LIST_PRICE" currencyUomId="USD" productStoreGroupId="_NA_"
        fromDate="2001-05-13 12:00:00.0" price="2799.0" createdDate="2001-05-13 12:00:00.0"
        createdByUserLogin="admin" lastModifiedDate="2001-05-13 12:00:00.0"
        lastModifiedByUserLogin="admin"/>
    <ProductPrice productId="GZ-1006" productPricePurposeId="PURCHASE"
        productPriceTypeId="DEFAULT_PRICE" currencyUomId="USD" productStoreGroupId="_NA_"
        fromDate="2001-05-13 12:00:00.0" price="1.99" createdDate="2001-05-13 12:00:00.0"
        createdByUserLogin="admin" lastModifiedDate="2001-05-13 12:00:00.0"
        lastModifiedByUserLogin="admin"/>
    <ProductPrice productId="GZ-1006" productPricePurposeId="PURCHASE"
        productPriceTypeId="LIST_PRICE" currencyUomId="USD" productStoreGroupId="_NA_"
        fromDate="2001-05-13 12:00:00.0" price="5.99" createdDate="2001-05-13 12:00:00.0"
        createdByUserLogin="admin" lastModifiedDate="2001-05-13 12:00:00.0"
        lastModifiedByUserLogin="admin"/>
    <ProductPrice productId="GZ-2002" productPricePurposeId="PURCHASE"
        productPriceTypeId="DEFAULT_PRICE" currencyUomId="USD" productStoreGroupId="_NA_"
        fromDate="2001-05-13 12:00:00.0" price="47.99" createdDate="2001-05-13 12:00:00.0"
        createdByUserLogin="admin" lastModifiedDate="2001-05-13 12:00:00.0"
        lastModifiedByUserLogin="admin"/>
    <ProductPrice productId="GZ-2002" productPricePurposeId="PURCHASE"
        productPriceTypeId="LIST_PRICE" currencyUomId="USD" productStoreGroupId="_NA_"
        fromDate="2001-05-13 12:00:00.0" price="48.0" createdDate="2001-05-13 12:00:00.0"
        createdByUserLogin="admin" lastModifiedDate="2001-05-13 12:00:00.0"
        lastModifiedByUserLogin="admin"/>
    <ProductPrice productId="GZ-2644" productPricePurposeId="PURCHASE"
        productPriceTypeId="SPECIAL_PROMO_PRICE" currencyUomId="USD" productStoreGroupId="_NA_"
        fromDate="2001-05-13 12:00:00.0" price="31.99" createdDate="2001-05-13 12:00:00.0"
        createdByUserLogin="admin" lastModifiedDate="2001-05-13 12:00:00.0"
        lastModifiedByUserLogin="admin"/>
    <ProductPrice productId="GZ-2644" productPricePurposeId="PURCHASE"
        productPriceTypeId="DEFAULT_PRICE" currencyUomId="USD" productStoreGroupId="_NA_"
        fromDate="2001-05-13 12:00:00.0" price="47.99" createdDate="2001-05-13 12:00:00.0"
        createdByUserLogin="admin" lastModifiedDate="2001-05-13 12:00:00.0"
        lastModifiedByUserLogin="admin"/>
    <ProductPrice productId="GZ-2644" productPricePurposeId="PURCHASE"
        productPriceTypeId="LIST_PRICE" currencyUomId="USD" productStoreGroupId="_NA_"
        fromDate="2001-05-13 12:00:00.0" price="48.0" createdDate="2001-05-13 12:00:00.0"
        createdByUserLogin="admin" lastModifiedDate="2001-05-13 12:00:00.0"
        lastModifiedByUserLogin="admin"/>
    <ProductPrice productId="GZ-5005" productPricePurposeId="PURCHASE"
        productPriceTypeId="DEFAULT_PRICE" currencyUomId="USD" productStoreGroupId="_NA_"
        fromDate="2001-05-13 12:00:00.0" price="47.99" createdDate="2001-05-13 12:00:00.0"
        createdByUserLogin="admin" lastModifiedDate="2003-03-04 19:06:17.991"
        lastModifiedByUserLogin="admin"/>
    <ProductPrice productId="GZ-5005" productPricePurposeId="PURCHASE"
        productPriceTypeId="LIST_PRICE" currencyUomId="USD" productStoreGroupId="_NA_"
        fromDate="2001-05-13 12:00:00.0" price="48.0" createdDate="2001-05-13 12:00:00.0"
        createdByUserLogin="admin" lastModifiedDate="2003-03-04 19:06:07.286"
        lastModifiedByUserLogin="admin"/>
    <ProductPrice productId="GZ-7000" productPricePurposeId="PURCHASE"
        productPriceTypeId="DEFAULT_PRICE" currencyUomId="USD" productStoreGroupId="_NA_"
        fromDate="2001-05-13 12:00:00.0" price="599.99" createdDate="2001-05-13 12:00:00.0"
        createdByUserLogin="admin" lastModifiedDate="2003-03-04 19:12:08.765"
        lastModifiedByUserLogin="admin"/>
    <ProductPrice productId="GZ-7000" productPricePurposeId="PURCHASE"
        productPriceTypeId="LIST_PRICE" currencyUomId="USD" productStoreGroupId="_NA_"
        fromDate="2001-05-13 12:00:00.0" price="999.99" createdDate="2001-05-13 12:00:00.0"
        createdByUserLogin="admin" lastModifiedDate="2003-03-04 19:12:22.736"
        lastModifiedByUserLogin="admin"/>
    <ProductPrice productId="GZ-8544" productPricePurposeId="PURCHASE"
        productPriceTypeId="DEFAULT_PRICE" currencyUomId="USD" productStoreGroupId="_NA_"
        fromDate="2001-05-13 12:00:00.0" price="269.99" createdDate="2001-05-13 12:00:00.0"
        createdByUserLogin="admin" lastModifiedDate="2001-05-13 12:00:00.0"
        lastModifiedByUserLogin="admin"/>
    <ProductPrice productId="GZ-8544" productPricePurposeId="PURCHASE"
        productPriceTypeId="LIST_PRICE" currencyUomId="USD" productStoreGroupId="_NA_"
        fromDate="2001-05-13 12:00:00.0" price="270.0" createdDate="2001-05-13 12:00:00.0"
        createdByUserLogin="admin" lastModifiedDate="2001-05-13 12:00:00.0"
        lastModifiedByUserLogin="admin"/>
    <ProductPrice productId="GZ-9290" productPricePurposeId="PURCHASE"
        productPriceTypeId="DEFAULT_PRICE" currencyUomId="USD" productStoreGroupId="_NA_"
        fromDate="2001-05-13 12:00:00.0" price="97.99" createdDate="2001-05-13 12:00:00.0"
        createdByUserLogin="admin" lastModifiedDate="2001-05-13 12:00:00.0"
        lastModifiedByUserLogin="admin"/>
    <ProductPrice productId="GZ-9290" productPricePurposeId="PURCHASE"
        productPriceTypeId="LIST_PRICE" currencyUomId="USD" productStoreGroupId="_NA_"
        fromDate="2001-05-13 12:00:00.0" price="99.99" createdDate="2001-05-13 12:00:00.0"
        createdByUserLogin="admin" lastModifiedDate="2001-05-13 12:00:00.0"
        lastModifiedByUserLogin="admin"/>
    <ProductPrice productId="WG-1111" productPricePurposeId="PURCHASE"
        productPriceTypeId="DEFAULT_PRICE" currencyUomId="USD" productStoreGroupId="_NA_"
        fromDate="2001-05-13 12:00:00.0" price="59.99" createdDate="2001-05-13 12:00:00.0"
        createdByUserLogin="admin" lastModifiedDate="2001-05-13 12:00:00.0"
        lastModifiedByUserLogin="admin"/>
    <ProductPrice productId="WG-1111" productPricePurposeId="PURCHASE"
        productPriceTypeId="LIST_PRICE" currencyUomId="USD" productStoreGroupId="_NA_"
        fromDate="2001-05-13 12:00:00.0" price="60.0" createdDate="2001-05-13 12:00:00.0"
        createdByUserLogin="admin" lastModifiedDate="2001-05-13 12:00:00.0"
        lastModifiedByUserLogin="admin"/>
    <ProductPrice productId="WG-5569" productPricePurposeId="PURCHASE"
        productPriceTypeId="SPECIAL_PROMO_PRICE" currencyUomId="USD" productStoreGroupId="_NA_"
        fromDate="2001-05-13 12:00:00.0" price="41.99" createdDate="2001-05-13 12:00:00.0"
        createdByUserLogin="admin" lastModifiedDate="2001-05-13 12:00:00.0"
        lastModifiedByUserLogin="admin"/>
    <ProductPrice productId="WG-5569" productPricePurposeId="PURCHASE"
        productPriceTypeId="DEFAULT_PRICE" currencyUomId="USD" productStoreGroupId="_NA_"
        fromDate="2001-05-13 12:00:00.0" price="59.99" createdDate="2001-05-13 12:00:00.0"
        createdByUserLogin="admin" lastModifiedDate="2001-05-13 12:00:00.0"
        lastModifiedByUserLogin="admin"/>
    <ProductPrice productId="WG-5569" productPricePurposeId="PURCHASE"
        productPriceTypeId="LIST_PRICE" currencyUomId="USD" productStoreGroupId="_NA_"
        fromDate="2001-05-13 12:00:00.0" price="60.0" createdDate="2001-05-13 12:00:00.0"
        createdByUserLogin="admin" lastModifiedDate="2001-05-13 12:00:00.0"
        lastModifiedByUserLogin="admin"/>
    <ProductPrice productId="WG-9943" productPricePurposeId="PURCHASE"
        productPriceTypeId="DEFAULT_PRICE" currencyUomId="USD" productStoreGroupId="_NA_"
        fromDate="2001-05-13 12:00:00.0" price="549.99" createdDate="2001-05-13 12:00:00.0"
        createdByUserLogin="admin" lastModifiedDate="2001-05-13 12:00:00.0"
        lastModifiedByUserLogin="admin"/>
    <ProductPrice productId="WG-9943" productPricePurposeId="PURCHASE"
        productPriceTypeId="LIST_PRICE" currencyUomId="USD" productStoreGroupId="_NA_"
        fromDate="2001-05-13 12:00:00.0" price="550.0" createdDate="2001-05-13 12:00:00.0"
        createdByUserLogin="admin" lastModifiedDate="2001-05-13 12:00:00.0"
        lastModifiedByUserLogin="admin"/>
    <ProductPrice productId="WG-9943" productPricePurposeId="PURCHASE"
        productPriceTypeId="COMPETITIVE_PRICE" currencyUomId="USD" productStoreGroupId="_NA_"
        fromDate="2001-05-13 12:00:00.0" price="922.0" createdDate="2001-05-13 12:00:00.0"
        createdByUserLogin="admin" lastModifiedDate="2001-05-13 12:00:00.0"
        lastModifiedByUserLogin="admin"/>
</ProductPrices>
