<?xml version="1.0" encoding="UTF-8"?>
<Products>
    <Product productId="GZ-1006" productTypeId="FINISHED_GOOD" primaryProductCategoryId="102" productName="Open Gizmo"
        internalName="Open Gizmo" description="Gizmo based on open standards"
        longDescription="Highest quality gizmo around." taxable="Y" chargeShipping="Y"
        autoCreateKeywords="Y" isVirtual="Y" isVariant="N" createdDate="2001-05-13 12:00:00.0"
        createdByUserLogin="admin" lastModifiedDate="2001-05-13 12:00:00.0"
        lastModifiedByUserLogin="admin"/>
    <Product productId="GZ-1006-1" productTypeId="FINISHED_GOOD" primaryProductCategoryId="102"
        productName="Open Gizmo (LGPL)" internalName="Open Gizmo (LGPL)"
        description="Gizmo based on open standards" longDescription="Highest quality gizmo around."
        taxable="Y" chargeShipping="Y" autoCreateKeywords="Y" isVirtual="N" isVariant="Y"
        createdDate="2001-05-13 12:00:00.0" createdByUserLogin="admin"
        lastModifiedDate="2001-05-13 12:00:00.0" lastModifiedByUserLogin="admin"/>    
    <Product productId="GZ-1006-2" productTypeId="FINISHED_GOOD" primaryProductCategoryId="102"
        productName="Open Gizmo (GPL)" internalName="Open Gizmo (GPL)"
        description="Gizmo based on open standards" longDescription="Highest quality gizmo around."
        taxable="Y" chargeShipping="Y" autoCreateKeywords="Y" isVirtual="N" isVariant="Y"
        createdDate="2001-05-13 12:00:00.0" createdByUserLogin="admin"
        lastModifiedDate="2001-05-13 12:00:00.0" lastModifiedByUserLogin="admin"/>
    <Product productId="GZ-1006-3" productTypeId="FINISHED_GOOD" primaryProductCategoryId="102"
        productName="Open Gizmo (BSD)" internalName="Open Gizmo (BSD)"
        description="Gizmo based on open standards" longDescription="Highest quality gizmo around."
        taxable="Y" chargeShipping="Y" autoCreateKeywords="Y" isVirtual="N" isVariant="Y"
        createdDate="2001-05-13 12:00:00.0" createdByUserLogin="admin"
        lastModifiedDate="2001-05-13 12:00:00.0" lastModifiedByUserLogin="admin"/>
    <Product productId="GZ-1006-4" productTypeId="FINISHED_GOOD" primaryProductCategoryId="102"
        productName="Open Gizmo (MIT)" internalName="Open Gizmo (MIT)"
        description="Gizmo based on open standards" longDescription="Highest quality gizmo around."
        taxable="Y" chargeShipping="Y" autoCreateKeywords="Y" isVirtual="N" isVariant="Y"
        createdDate="2001-05-13 12:00:00.0" createdByUserLogin="admin"
        lastModifiedDate="2001-05-13 12:00:00.0" lastModifiedByUserLogin="admin"/>

    <Product productId="GZ-2002" productTypeId="FINISHED_GOOD" primaryProductCategoryId="101"
        productName="Square Gizmo" internalName="Square Gizmo" description="A square gizmo"
        taxable="Y" chargeShipping="Y" autoCreateKeywords="Y" isVirtual="N" isVariant="N"
        createdDate="2001-05-13 12:00:00.0" createdByUserLogin="admin"
        lastModifiedDate="2001-05-13 12:00:00.0" lastModifiedByUserLogin="admin"/>
    <Product productId="GZ-2644" productTypeId="FINISHED_GOOD" primaryProductCategoryId="101"
        productName="Round Gizmo" internalName="Round Gizmo" description="Round Gizmo w/ Lights"
        longDescription="A small round gizmo with multi-colored lights. Works great in the dark. Small and compact."
        isVirtual="N" isVariant="N" quantityIncluded="100.0" weight="7.0"/>
    <Product productId="GZ-5005" productTypeId="FINISHED_GOOD" primaryProductCategoryId="101"
        productName="Purple Gizmo" internalName="Purple Gizmo" description="The stylish gizmo"
        taxable="Y" chargeShipping="Y" autoCreateKeywords="Y" isVirtual="N" isVariant="N"
        createdDate="2001-05-13 12:00:00.0" createdByUserLogin="admin"
        lastModifiedDate="2001-05-13 12:00:00.0" lastModifiedByUserLogin="admin"/>
    <Product productId="GZ-7000" productTypeId="FINISHED_GOOD" primaryProductCategoryId="102"
        productName="Massive Gizmo" internalName="Massive Gizmo"
        description="The biggest gizmo ever" taxable="Y" chargeShipping="Y" autoCreateKeywords="Y"
        isVirtual="N" isVariant="N" createdDate="2001-05-13 12:00:00.0" createdByUserLogin="admin"
        lastModifiedDate="2001-05-13 12:00:00.0" lastModifiedByUserLogin="admin"/>
    <Product productId="GZ-8544" productTypeId="FINISHED_GOOD" primaryProductCategoryId="102"
        productName="Big Gizmo" internalName="Big Gizmo" description="Big Gizmo w/ Legs"
        longDescription="A large gizmo with legs. Walks on its own. Does not require a power supply."
        isVirtual="N" isVariant="N" quantityIncluded="100.0" weight="12.0"/>
    <Product productId="GZ-9290" productTypeId="FINISHED_GOOD" primaryProductCategoryId="102"
        productName="His/Her Gizmo" internalName="His/Her Gizmo"
        description="A set of his/her gizmos"
        longDescription="The his/her gizmo is a perfect gift for your favorite couple. Once you try it out you'll want a set for yourself!"
        taxable="Y" chargeShipping="Y" autoCreateKeywords="Y" isVirtual="N" isVariant="N"
        createdDate="2001-05-13 12:00:00.0" createdByUserLogin="admin"
        lastModifiedDate="2001-05-13 12:00:00.0" lastModifiedByUserLogin="admin"/>

    <Product productId="WG-1111" productTypeId="FINISHED_GOOD" primaryProductCategoryId="20111"
        productName="Micro Chrome Widget" internalName="Micro Chrome Widget"
        description="Micro Widget - Chrome Colored"
        longDescription="This micro chrome widget makes a perfect gift. This one is so small that it floats in air."
        isVirtual="N" isVariant="N" quantityIncluded="50.0" weight="2.0"/>
    <Product productId="WG-5569" productTypeId="FINISHED_GOOD" primaryProductCategoryId="201"
        productName="Tiny Chrome Widget" internalName="Tiny Chrome Widget"
        description="Tiny Chrome Widget"
        longDescription="This tiny chrome widget makes a perfect gift. The shine will last forever. No pollishing required."
        isVirtual="N" isVariant="N" quantityIncluded="50.0" weight="4.0"/>
    <Product productId="WG-9943" productTypeId="FINISHED_GOOD" primaryProductCategoryId="202"
        productName="Giant Widget" internalName="Giant Widget"
        description="Giant Widget with Wheels"
        longDescription="This giant widget is mobile. It will seat one person safely. The wheels will never rust or break. Quite a unique item."
        quantityIncluded="10.0" weight="22.0" isVirtual="Y" isVariant="N"/>
    <Product productId="WG-9943-B3" productTypeId="FINISHED_GOOD" primaryProductCategoryId="202"
        productName="Giant Widget B3" internalName="Giant Widget B3"
        description="Black Giant Widget with 3 Wheels"
        longDescription="This giant widget is mobile. It will seat one person safely. The wheels will never rust or break. Quite a unique item."
        quantityIncluded="10.0" weight="22.0" isVirtual="N" isVariant="Y"/>
    <Product productId="WG-9943-B4" productTypeId="FINISHED_GOOD" primaryProductCategoryId="202"
        productName="Giant Widget B4" internalName="Giant Widget B4"
        description="Black Giant Widget with 4 Wheels"
        longDescription="This giant widget is mobile. It will seat one person safely. The wheels will never rust or break. Quite a unique item."
        quantityIncluded="10.0" weight="22.0" isVirtual="N" isVariant="Y"/>
    <Product productId="WG-9943-S3" productTypeId="FINISHED_GOOD" primaryProductCategoryId="202"
        productName="Giant Widget S3" internalName="Giant Widget S3"
        description="Silver Giant Widget with 3 Wheels"
        longDescription="This giant widget is mobile. It will seat one person safely. The wheels will never rust or break. Quite a unique item."
        quantityIncluded="10.0" weight="22.0" isVirtual="N" isVariant="Y"/>
    <Product productId="WG-9943-S4" productTypeId="FINISHED_GOOD" primaryProductCategoryId="202"
        productName="Giant Widget S4" internalName="Giant Widget S4"
        description="Silver Giant Widget with 4 Wheels"
        longDescription="This giant widget is mobile. It will seat one person safely. The wheels will never rust or break. Quite a unique item."
        quantityIncluded="10.0" weight="22.0" isVirtual="N" isVariant="Y"/>
</Products>
