<?xml version="1.0" encoding="utf-8"?>
<CarrierShipmentMethods>
    <CarrierShipmentMethod>
        <carrier>Company</carrier>
        <shippingMethod>LOCAL_DELIVERY</shippingMethod>
        <multiplier>.5</multiplier>
    </CarrierShipmentMethod>
    <CarrierShipmentMethod>
        <carrier>USPS</carrier>
        <shippingMethod>STANDARD</shippingMethod>
        <multiplier>1</multiplier>
    </CarrierShipmentMethod>
    <CarrierShipmentMethod>
        <carrier>USPS</carrier>
        <shippingMethod>EXPRESS</shippingMethod>
        <multiplier>1.5</multiplier>
    </CarrierShipmentMethod>
    <CarrierShipmentMethod>
        <carrier>UPS</carrier>
        <shippingMethod>GROUND</shippingMethod>
        <multiplier>1</multiplier>
    </CarrierShipmentMethod>
    <CarrierShipmentMethod>
        <carrier>UPS</carrier>
        <shippingMethod>AIR</shippingMethod>
        <multiplier>1.25</multiplier>
    </CarrierShipmentMethod>
    <CarrierShipmentMethod>
        <carrier>UPS</carrier>
        <shippingMethod>NEXT_DAY</shippingMethod>
        <multiplier>1.45</multiplier>
    </CarrierShipmentMethod>
    <CarrierShipmentMethod>
        <carrier>_NA_</carrier>
        <shippingMethod>STANDARD</shippingMethod>
        <multiplier>.5</multiplier>
    </CarrierShipmentMethod>
    <CarrierShipmentMethod>
        <carrier>_NA_</carrier>
        <shippingMethod>NO_SHIPPING</shippingMethod>
        <multiplier>0</multiplier>
    </CarrierShipmentMethod>
    <CarrierShipmentMethod>
        <carrier>DHL</carrier>
        <shippingMethod>EXPRESS</shippingMethod>
        <multiplier>1.5</multiplier>
    </CarrierShipmentMethod>
    <CarrierShipmentMethod>
        <carrier>DHL</carrier>
        <shippingMethod>NEXT_PM</shippingMethod>
        <multiplier>1.6</multiplier>
    </CarrierShipmentMethod>
    <CarrierShipmentMethod>
        <carrier>DHL</carrier>
        <shippingMethod>SECOND_DAY</shippingMethod>
        <multiplier>1.15</multiplier>
    </CarrierShipmentMethod>
    <CarrierShipmentMethod>
        <carrier>DHL</carrier>
        <shippingMethod>GROUND</shippingMethod>
        <multiplier>.8</multiplier>
    </CarrierShipmentMethod>
</CarrierShipmentMethods>
