<?xml version="1.0" encoding="UTF-8"?>
<CarrierShipmentMethods>
    <CarrierShipmentMethod partyId="Company" roleTypeId="CARRIER"
        shipmentMethodTypeId="LOCAL_DELIVERY" multiplier="4"/>
    <CarrierShipmentMethod partyId="USPS" roleTypeId="CARRIER" shipmentMethodTypeId="STANDARD"
        multiplier="3" carrierServiceCode="Priority"/>
    <CarrierShipmentMethod partyId="USPS" roleTypeId="CARRIER" shipmentMethodTypeId="EXPRESS"
        multiplier="4" carrierServiceCode="Express"/>
    <CarrierShipmentMethod partyId="UPS" roleTypeId="CARRIER" shipmentMethodTypeId="GROUND"
        multiplier="2" carrierServiceCode="03"/>
    <CarrierShipmentMethod partyId="UPS" roleTypeId="CARRIER" shipmentMethodTypeId="AIR"
        multiplier="5" carrierServiceCode="02"/>
    <CarrierShipmentMethod partyId="UPS" roleTypeId="CARRIER" shipmentMethodTypeId="NEXT_DAY"
        multiplier="5" carrierServiceCode="01"/>
    <CarrierShipmentMethod partyId="_NA_" roleTypeId="CARRIER" shipmentMethodTypeId="STANDARD"
        multiplier="2"/>
    <CarrierShipmentMethod partyId="_NA_" roleTypeId="CARRIER" shipmentMethodTypeId="NO_SHIPPING"
        multiplier="0"/>
    <CarrierShipmentMethod partyId="DHL" roleTypeId="CARRIER" shipmentMethodTypeId="EXPRESS"
        multiplier="4" carrierServiceCode="E"/>
    <CarrierShipmentMethod partyId="DHL" roleTypeId="CARRIER" shipmentMethodTypeId="NEXT_PM"
        multiplier="3.5" carrierServiceCode="N"/>
    <CarrierShipmentMethod partyId="DHL" roleTypeId="CARRIER" shipmentMethodTypeId="SECOND_DAY"
        multiplier="5.5" carrierServiceCode="S"/>
    <CarrierShipmentMethod partyId="DHL" roleTypeId="CARRIER" shipmentMethodTypeId="GROUND"
        multiplier="3" carrierServiceCode="G"/>
</CarrierShipmentMethods>
